{"count":1,"self":5112.4670464,"total":35092.343663499996,"children":{"InitializeActuators":{"count":16,"self":0.0019946,"total":0.0019946,"children":null},"InitializeSensors":{"count":16,"self":0.0029923,"total":0.0029923,"children":null},"AgentSendState":{"count":2820126,"self":661.54941439999993,"total":911.0146393,"children":{"CollectObservations":{"count":9024416,"self":29.027651199999998,"total":29.0276525,"children":null},"WriteActionMask":{"count":9024416,"self":3.5192115999999998,"total":3.5192115999999998,"children":null},"RequestDecision":{"count":9024416,"self":27.0602304,"total":216.9183382,"children":{"AgentInfo.ToProto":{"count":9024416,"self":18.227567999999998,"total":189.8581084,"children":{"GenerateSensorData":{"count":9024416,"self":139.00065279999998,"total":171.63054119999998,"children":{"RayPerceptionSensor.Perceive":{"count":27073248,"self":32.6298944,"total":32.6298932,"children":null}}}}}}}}},"DecideAction":{"count":2820126,"self":28800.4046848,"total":28800.404037099997,"children":null},"AgentAct":{"count":2820126,"self":267.7367552,"total":268.0760547,"children":{"AgentInfo.ToProto":{"count":9803,"self":0.0596581,"total":0.3393082,"children":{"GenerateSensorData":{"count":9803,"self":0.2286568,"total":0.2796501,"children":{"RayPerceptionSensor.Perceive":{"count":29409,"self":0.0509933,"total":0.0509933,"children":null}}}}}}},"AgentInfo.ToProto":{"count":10044,"self":0.061251,"total":0.3767568,"children":{"GenerateSensorData":{"count":10044,"self":0.2392664,"total":0.3155058,"children":{"RayPerceptionSensor.Perceive":{"count":30132,"self":0.0762394,"total":0.0762394,"children":null}}}}}},"gauges":{"AircraftLearning.CumulativeReward":{"count":19847,"max":25.9992218,"min":-4.03760624,"runningAverage":9.735256,"value":-1.0146,"weightedAverage":13.020668}},"metadata":{"timer_format_version":"0.1.0","start_time_seconds":"1658080785","unity_version":"2021.3.4f1","command_line_arguments":"D:\\Softwares\\Unity Editor\\2021.3.4f1\\Editor\\Unity.exe","communication_protocol_version":"1.5.0","com.unity.ml-agents_version":"2.0.1","scene_name":"Training","end_time_seconds":"1658115877"}}